Workbook

Sheet Campeoes
A1: Rodada | B1: Time | C1: Pontuacao | D1: Retorno
A2: 1 | B2: LUISÃO S.C. | C2: 82.529785 | D2: 25
A3: 2 | B3: Esporte Clube Beça Calabreso | C3: 91.890137 | D3: 25
A4: 3 | B4: Esporte Clube Beça Calabreso | C4: 81.299805 | D4: 27
A5: 4 | B5: Gotelip | C5: 126.97998 | D5: 27
A6: 5 | B6: florminenses F.C | C6: 96.97998 | D6: 27
A7: 6 | B7: Esporte Clube Beça Calabreso | C7: 122.9502 | D7: 27
A8: 7 | B8: Kruktonyta FC | C8: 107.64014 | D8: 27
A9: 8 | B9: Piratas Do Pepe Louco | C9: 150.34961 | D9: 27
A10: 9 | B10: APENAS JF | C10: 87.899902 | D10: 27
A11: 10 | B11: Kruktonyta FC | C11: 82.470215 | D11: 27
A12: 11 | B12: florminenses F.C | C12: 130.57031 | D12: 27
A13: 12 | B13: Kruktonyta FC | C13: 79.859863 | D13: 27
... A38: 37 | B38: LUISÃO S.C. | C38: 121.8999 | D38: 27
A39: 38 | B39: Piratas Do Pepe Louco

Sheet Vitorias
A1: Time | B1: Vitorias | C1: Total Final | D1: Pagar | E1: Receber Rodadas | F1: Receber Ranking | G1: Saldo | H1: Retorno | I1: Lucro Atual | J1: Lucro Atual Final | K1: Rodadas Para Lucro
A2: Piratas Do Pepe Louco | B2: 9 | C2: =_1º_Table[[#This Row],[Piratas Do Pepe Louco]] -> 320 | D2: =12+5*6 -> 42 | E2: =3*27 -> 81 | F2: 330 | G2: =Vitorias_Table[[#This Row],[Receber Ranking]]+Vitorias_Table[[#This Row],[Receber Rodadas]] -> 411 | H2: 216 | I2: -4 | J2: -10 | K2: 1
A3: Esporte Clube Beça Calabreso | B3: 7 | C3: ='2º'!C2 -> 121 | D3: =5*6 -> 30 | E3: 15 | F3: 160 | G3: =Vitorias_Table[[#This Row],[Receber Ranking]]+Vitorias_Table[[#This Row],[Receber Rodadas]]-Vitorias_Table[[#This Row],[Pagar]] -> 145 | H3: 187 | I3: -33 | J3: -39 | K3: 2
A4: Kruktonyta FC | B4: 6 | C4: =Rodadas!D2 -> -64 | D4: =5*6 -> 30 | E4: 0 | F4: 0 | G4: =Vitorias_Table[[#This Row],[Receber Ranking]]+Vitorias_Table[[#This Row],[Receber Rodadas]]-Vitorias_Table[[#This Row],[Pagar]] -> -30 | H4: 162 | I4: -58 | J4: -64 | K4: 3
A5: APENAS JF | B5: 6 | C5: =Rodadas!E2 -> -64 | D5: =5*6 -> 30 | E5: 27 | F5: 0 | G5: =Vitorias_Table[[#This Row],[Receber Ranking]]+Vitorias_Table[[#This Row],[Receber Rodadas]]-Vitorias_Table[[#This Row],[Pagar]] -> -3 | H5: 162 | I5: -58 | J5: -64 | K5: 3
A6: LUISÃO S.C. | B6: 5 | C6: =Rodadas!F2 -> -93 | D6: =5*6 -> 30 | E6: =2*27 -> 54 | F6: 0 | G6: =Vitorias_Table[[#This Row],[Receber Ranking]]+Vitorias_Table[[#This Row],[Receber Rodadas]]-Vitorias_Table[[#This Row],[Pagar]] -> 24 | H6: 133 | I6: -87 | J6: -93 | K6: 4
A7: florminenses F.C | B7: 4 | C7: ='3º'!G2 -> -38 | D7: =5*6 -> 30 | E7: 0 | F7: 80 | G7: =Vitorias_Table[[#This Row],[Receber Ranking]]+Vitorias_Table[[#This Row],[Receber Rodadas]]-Vitorias_Table[[#This Row],[Pagar]] -> 50 | H7: 108 | I7: -112 | J7: -118 | K7: 5
A8: Gotelip | B8: 1 | C8: =Rodadas!H2 -> -199 | D8: =5*6 -> 30 | E8: 0 | F8: 0 | G8: =Vitorias_Table[[#This Row],[Receber Ranking]]+Vitorias_Table[[#This Row],[Receber Rodadas]]-Vitorias_Table[[#This Row],[Pagar]] -> -30 | H8: 27 | I8: -193 | J8: -199 | K8: 8
E14: 555
E15: =E14-G4-G5+D2 -> 630 | F15: =G2+G3+G6+G7 -> 630

Sheet Rodadas
A1: Coluna1 | B1: Piratas Do Pepe Louco | C1: Esporte Clube Beça Calabreso | D1: Kruktonyta FC | E1: APENAS JF | F1: LUISÃO S.C. | G1: florminenses F.C | H1: Gotelip | I1: Num Rodada
A2: Lucro | B2: -10 | C2: -39 | D2: -64 | E2: -64 | F2: -93 | G2: -118 | H2: -199 | I2: 0
A3: Lucro | B3: 17 | C3: -12 | D3: -37 | E3: -37 | F3: -66 | G3: -91 | H3: -172 | I3: 1

Sheet 3º
A1: Coluna1 | B1: Piratas Do Pepe Louco | C1: Esporte Clube Beça Calabreso | D1: Kruktonyta FC | E1: APENAS JF | F1: LUISÃO S.C. | G1: florminenses F.C | H1: Gotelip | I1: Num Rodada
A2: Lucro | B2: 70 | C2: 41 | D2: 16 | E2: 16 | F2: -13 | G2: -38 | H2: -119 | I2: 0
A3: Lucro | B3: 97 | C3: 68 | D3: 43 | E3: 43 | F3: 14 | G3: -11 | H3: -92 | I3: 1

Sheet 2º
A1: Coluna1 | B1: Piratas Do Pepe Louco | C1: Esporte Clube Beça Calabreso | D1: Kruktonyta FC | E1: APENAS JF | F1: LUISÃO S.C. | G1: florminenses F.C | H1: Gotelip | I1: Num Rodada
A2: Lucro | B2: 150 | C2: 121 | D2: 96 | E2: 96 | F2: 67 | G2: 42 | H2: -39 | I2: 0
A3: Lucro | B3: 177 | C3: 148 | D3: 123 | E3: 123 | F3: 94 | G3: 69 | H3: -12 | I3: 1

Sheet 1º
A1: Coluna1 | B1: Piratas Do Pepe Louco | C1: Esporte Clube Beça Calabreso | D1: Kruktonyta FC | E1: APENAS JF | F1: LUISÃO S.C. | G1: florminenses F.C | H1: Gotelip | I1: Num Rodada
A2: Lucro | B2: 320 | C2: 291 | D2: 266 | E2: 266 | F2: 237 | G2: 212 | H2: 131 | I2: 0
A3: Lucro | B3: 347 | C3: 318 | D3: 293 | E3: 293 | F3: 264 | G3: 239 | H3: 158 | I3: 1
